{    
	"Li":[-0.15948322,  1.36152292, -5.69726401,  5.17961305],
    "Na": [-0.12345088,  1.42327909, -7.0643197,   9.28565494],
    "K" : [ -0.25652039,   3.29084006, -15.42364422,  22.79194397],
    "Rb": [ -0.70538554,   8.38608907, -34.68331972,  47.43613047],
    "Cs": [ -0.66872288,   9.19526017, -43.3289818,   67.29359456],
    "F": [-0.06291662,  1.0154185,  -6.72511953, 12.76234514],
    "Cl":[ -0.10276543,   1.85510024, -12.29112896,  26.12126395],
    "Br":[ -0.12241672,   2.33445657, -15.92781969,  35.3297292 ],
    "Mg":[-0.43737048,  2.81499208, -8.08729248,  6.58611616],
    "Ca":[-0.14514606,  1.50125398, -6.84653746,  9.0038603 ],
    "Ba":[ -0.2266594,  2.78864757, -12.94860967,  19.5876201]
}