{
	"Li":[1.43969, 0.10398],
	"Na":[2.18448, 0.16843],
	"K":[2.83305, 0.27946],
	"Rb":[3.04509, 0.43314],
	"Cs":[3.36403, 0.39443],
	"F":[4.5220, 0.00157],
	"Cl":[4.91776, 0.01166],
	"Br":[4.93201, 0.03037],
	"Mg":[1.63, 0.141013],
	"Ca":[2.41, 0.224665],
	"Ba":[3.820, 0.017686]
}