{
	"Li0":[-0.24020703583042527, 1.9229215759579965, -6.999021265561975, 5.797023259275432],
	"Li1":[-0.07875941265265386, 0.800124270625709, -4.395506756334711, 4.562202843184091],
	"Na0":[-0.20258054395690012, 2.2470305436506894, -9.95231919171354, 12.539170899861793],
	"Na1":[-0.04432121517092031, 0.5995276367437975, -4.176320216399438, 6.032138979835634],
	"K0":[-0.4848526708761212, 6.084543677324108, -26.688975063270032, 37.39789770931951],
	"K1":[-0.02818811221117013, 0.4971364512412747, -4.158313373505822, 8.18599022337296],
	"Rb0":[-1.2956578963617602, 15.349315214239342, -61.92048670433838, 82.453647982934],
	"Rb1":[-0.11511317901920039, 1.4228629333784564, -7.446152740302652, 12.418612956402326],
	"Cs0":[-1.3442214846553637, 18.261828910655897, -83.63455643311023, 126.19837548982085],
	"Cs1":[0.006775719414930257, 0.12869142164384328, -3.023407172474452, 8.388813626852555],
	"F0":[-0.14838246857162202, 2.2317518172968693, -12.485548319567382, 22.140828109271972],
	"F1":[0.022549222570554812, -0.20091481317262055, -0.9646907364304396, 3.3838621696369278],
    "Cl0":[-0.1913721059021636, 3.409747406317752, -21.320186725842973, 43.61303369713666],
    "Cl1":[-0.014158744103772958, 0.30045306659854326, -3.262071191353725, 8.629494196441756],
    "Br0":[-0.24960712505683622, 4.6503395838584085, -29.916454286379214, 63.4212965122342],
    "Br1":[0.004773688609560795, 0.01857356267116741, -1.9391850871965814, 7.2381618828105285],
    "Mg0":[-0.7479506215133527, 4.531075953618, -11.12049274763037, 7.364099566775468],
    "Mg1":[-0.1267903421284836, 1.098908208358605, -5.054092218951949, 5.80813275161924],
    "Ca0":[-0.2817179995928802, 2.7416114213208598, -10.563583540281703, 12.311047705477883],
    "Ca1":[-0.008574121257548183, 0.26089653443145316, -3.129491383600661, 5.696672886394845],
    "Ba0":[-0.4382714209761318, 5.2665158787092965, -22.57566634187806, 31.74837901592313],
    "Ba1":[-0.015047386019820384, 0.3107792668824242, -3.3215529991788713, 7.426878997001784]
}