{
    "Li":[1.55087,-0.948952,110.40,2.01,1.28,7.3,6.6,7.6],
	"Na":[2.20253,-0.734587,87.325,2.357,1.07,9.8,9.9,8.0],
	"K":[2.75247,-0.079465,71.635,2.802,1.71,8.4,9.9,8.7],
	"Rb":[2.94043,-0.008,68.63,2.917,1.85,5.5,9.1,8.9],
	"Cs":[3.36745,-0.0610349,62.06,3.136,1.95,6.22,9.9,9.5],
	"F":[4.25531,-2.50123,123.66,2.66,1.23,7.0,8.9,8.3],
	"Cl":[4.51247,-1.30477,89.13,3.172,1.73,10,9.4,8.5],
	"Br":[4.71206,-1.11094,81,3.34,1.75,8.0,9.1,8.4],
    "Mg":[1.60195, -0.72368, 416.57, 2.00, 0.72, 4.8, 5.7,9.9],
    "Ca":[2.60208,-1.13789, 345.17, 2.33, 0.79, 5.3, 6.7,10.0],
    "Ba":[2.92288,-0.080565, 298.95, 2.733, 0.72, 9.4, 9.4,8.5]
}